PROGRAM,START,END
BATCH, 2020-05-05 20:00:00 UTC , 2020-05-06 03:12:49 UTC
LETTER-PROCESS, 2020-05-05 20:00:00 UTC , 2020-05-05 21:05:25 UTC
WEB-DOWNLOAD, 2020-05-05 21:05:25 UTC , 2020-05-05 23:40:25 UTC
PAYMENT-LOAD, 2020-05-05 23:40:25 UTC , 2020-05-06 01:22:35 UTC
DEBT-COLLECTION , 2020-05-06 01:22:35 UTC , 2020-05-06 02:10:59 UTC
SEND-LETTER, 2020-05-06 02:10:36 UTC , 2020-05-06 02:30:35 UTC
CLIENT-UPDATE, 2020-05-06 02:10:36 UTC , 2020-05-06 02:50:35 UTC
CS-LIST-UPDATE, 2020-05-06 02:10:36 UTC , 2020-05-06 02:42:35 UTC
WRITE-REPORTS, 2020-05-06 02:42:35 UTC , 2020-05-06 03:12:49 UTC
